{
  "serial":"00002128",
  "unitQ":1,
  "timeRequest":1527706940,
  "timeDevice":1525115100,
  "timeOn":24209554,
  "timeRunCommon":23694812,
  "system":[{"timeRunSys":23694812,"SigmaQ":3582.9922,"Q1":5962.916,"Q2":2379.9236,"Q3":0,"V1":106217.9,"V2":99938.4,"M1":0,"M2":0,
    "GM1":0,"GM2":0,"GV1":11.829919,"GV2":11.525525,"T1":63.94,"T2":25.14,"T3":10,"P1":0.38239998,"P2":0.2731,"P3":0},
{"timeRunSys":23690000,"SigmaQ":3582.0002,"Q1":5962.006,"Q2":2379.0006,"Q3":3,"V1":106000.9,"V2":90008.4,"M1":0,"M2":0,
    "GM1":0,"GM2":0,"GV1":11.829919,"GV2":11.525525,"T1":63.94,"T2":25.14,"T3":10,"P1":0.38239998,"P2":0.2731,"P3":0}]}
